{
  "2Opt NN": [
    [
      0.0,
      3.890848669938197e-18
    ]
  ],
  "2Opt ExtNN": [
    [
      89.5,
      8.336682293069543e-17
    ]
  ],
  "2Opt 2Opt-NN": [
    [
      1614.5,
      0.006102948165452889
    ]
  ],
  "2Opt kRandom": [
    [
      0.0,
      3.893703264910611e-18
    ]
  ],
  "NN ExtNN": [
    [
      0.0,
      5.684118198179221e-18
    ]
  ],
  "NN 2Opt-NN": [
    [
      0.0,
      3.8906291678999676e-18
    ]
  ],
  "NN kRandom": [
    [
      0.0,
      3.89414260953766e-18
    ]
  ],
  "ExtNN 2Opt-NN": [
    [
      0.0,
      3.885803091856667e-18
    ]
  ],
  "ExtNN kRandom": [
    [
      0.0,
      3.895241176705637e-18
    ]
  ],
  "2Opt-NN kRandom": [
    [
      0.0,
      3.895241176705637e-18
    ]
  ]
}