{
  "2Opt NN": [
    [
      0.0,
      3.895241176705637e-18
    ]
  ],
  "2Opt ExtNN": [
    [
      0.0,
      3.895680685825538e-18
    ]
  ],
  "2Opt 2Opt-NN": [
    [
      0.0,
      3.895900458013434e-18
    ]
  ],
  "2Opt kRandom": [
    [
      0.0,
      3.895460925389839e-18
    ]
  ],
  "NN ExtNN": [
    [
      0.0,
      5.684118198179221e-18
    ]
  ],
  "NN 2Opt-NN": [
    [
      0.0,
      3.8906291678999676e-18
    ]
  ],
  "NN kRandom": [
    [
      0.0,
      3.895460925389839e-18
    ]
  ],
  "ExtNN 2Opt-NN": [
    [
      0.0,
      3.885803091856667e-18
    ]
  ],
  "ExtNN kRandom": [
    [
      0.0,
      3.894362299472809e-18
    ]
  ],
  "2Opt-NN kRandom": [
    [
      0.0,
      3.895241176705637e-18
    ]
  ]
}