{
  "2Opt": -0.009653833807113424,
  "NN": -0.25495968538516706,
  "ExtNN": -0.13259521841772265,
  "2Opt-NN": 0.006837201707194989,
  "kRandom": -3.7647272738197866
}