{
  "tests/problems/a280.tsp": {
    "2Opt": -0.05816207832493214,
    "NN": -0.2419542458317177,
    "ExtNN": -0.08026366808840636,
    "2Opt-NN": -0.08103916246607212,
    "kRandom": -0.08026366808840636
  },
  "tests/problems/berlin52.tsp": {
    "2Opt": -0.0539644656589764,
    "NN": -0.18827897109520023,
    "ExtNN": -0.08247149297268629,
    "2Opt-NN": -0.07319013524264122,
    "kRandom": -1.941660037125431
  },
  "tests/problems/bier127.tsp": {
    "2Opt": -0.02357078845470993,
    "NN": -0.14736815407247086,
    "ExtNN": -0.13234473546270778,
    "2Opt-NN": -0.029049221352361307,
    "kRandom": -2.3305321181583
  },
  "tests/problems/brazil58.tsp": {
    "2Opt": -0.0436700137822406,
    "NN": -0.21181334908446545,
    "ExtNN": -0.07832250443000591,
    "2Opt-NN": -0.02114589486119315,
    "kRandom": -2.9462925772789923
  },
  "tests/problems/brg180.tsp": {
    "2Opt": -0.041025641025641026,
    "NN": -5.338461538461538,
    "ExtNN": -3.5589743589743588,
    "2Opt-NN": -0.010256410256410256,
    "kRandom": -59.95384615384615
  },
  "tests/problems/ch130.tsp": {
    "2Opt": -0.05973813420621931,
    "NN": -0.23224222585924714,
    "ExtNN": -0.16923076923076924,
    "2Opt-NN": -0.09345335515548281,
    "kRandom": -5.711538461538462
  },
  "tests/problems/ch150.tsp": {
    "2Opt": -0.07552083333333333,
    "NN": -0.24555759803921567,
    "ExtNN": -0.07965686274509803,
    "2Opt-NN": -0.02772671568627451,
    "kRandom": -6.271798406862746
  },
  "tests/problems/d198.tsp": {
    "2Opt": -0.04955640050697085,
    "NN": -0.1611533586818758,
    "ExtNN": -0.10868187579214195,
    "2Opt-NN": -0.024081115335868188,
    "kRandom": -0.4257921419518378
  },
  "tests/problems/d493.tsp": {
    "2Opt": -0.07565281983886635,
    "NN": -0.21184503742643276,
    "ExtNN": -0.16201931318210389,
    "2Opt-NN": -0.039940574824295756,
    "kRandom": -2.242043311810754
  },
  "tests/problems/d657.tsp": {
    "2Opt": -0.07580961727183513,
    "NN": -0.22789908406934903,
    "ExtNN": -0.2041421328099444,
    "2Opt-NN": -0.07141396794242721,
    "kRandom": -3.7435394177298003
  },
  "tests/problems/eil101.tsp": {
    "2Opt": -0.022257551669316374,
    "NN": -0.2655007949125596,
    "ExtNN": -0.19236883942766295,
    "2Opt-NN": -0.02384737678855326,
    "kRandom": -2.2289348171701113
  },
  "tests/problems/eil51.tsp": {
    "2Opt": 0.0,
    "NN": -0.16666666666666666,
    "ExtNN": -0.14788732394366197,
    "2Opt-NN": 0.004694835680751174,
    "kRandom": -2.0375586854460095
  },
  "tests/problems/eil76.tsp": {
    "2Opt": -0.06319702602230483,
    "NN": -0.23048327137546468,
    "ExtNN": -0.11152416356877323,
    "2Opt-NN": -0.05390334572490706,
    "kRandom": -2.62639405204461
  },
  "tests/problems/fl417.tsp": {
    "2Opt": -0.024702807520445156,
    "NN": -0.23396003709636623,
    "ExtNN": -0.13902706348537222,
    "2Opt-NN": -0.06331675238175533,
    "kRandom": -3.662507377118287
  },
  "tests/problems/fri26.tsp": {
    "2Opt": 0.4375667022411953,
    "NN": 0.3265741728922092,
    "ExtNN": 0.43223052294557096,
    "2Opt-NN": 0.4343649946638207,
    "kRandom": -0.6726787620064034
  },
  "tests/problems/gil262.tsp": {
    "2Opt": -0.056349873843566024,
    "NN": -0.2628259041211102,
    "ExtNN": -0.14634146341463414,
    "2Opt-NN": -0.023128679562657694,
    "kRandom": -9.186669470142977
  },
  "tests/problems/gr120.tsp": {
    "2Opt": 0.1588879285508499,
    "NN": 0.19605301065975222,
    "ExtNN": 0.2418611351195621,
    "2Opt-NN": 0.2905502736963411,
    "kRandom": -5.206352636127917
  },
  "tests/problems/gr17.tsp": {
    "2Opt": 0.5630695443645084,
    "NN": 0.21678657074340527,
    "ExtNN": 0.5635491606714629,
    "2Opt-NN": 0.6311750599520384,
    "kRandom": -0.04906474820143893
  },
  "tests/problems/gr21.tsp": {
    "2Opt": 0.3505725895825637,
    "NN": 0.23199113409678612,
    "ExtNN": 0.2726265238271149,
    "2Opt-NN": 0.33764314739564094,
    "kRandom": -0.5932397487994088
  },
  "tests/problems/gr24.tsp": {
    "2Opt": 0.45440251572327045,
    "NN": 0.1069182389937107,
    "ExtNN": 0.46462264150943394,
    "2Opt-NN": 0.40723270440251574,
    "kRandom": -0.656132075471698
  },
  "tests/problems/gr48.tsp": {
    "2Opt": 0.40784780023781214,
    "NN": 0.34324217201743956,
    "ExtNN": 0.4268727705112961,
    "2Opt-NN": 0.488902100673801,
    "kRandom": -2.067063020214031
  },
  "tests/problems/hk48.tsp": {
    "2Opt": 0.3539830730302766,
    "NN": 0.07756740249541925,
    "ExtNN": 0.24866940057586598,
    "2Opt-NN": 0.38460867289067274,
    "kRandom": -1.9951487653782394
  },
  "tests/problems/kroA100.tsp": {
    "2Opt": -0.05812423644394324,
    "NN": -0.3049525420543182,
    "ExtNN": -0.15867869561131473,
    "2Opt-NN": -0.056150737712620996,
    "kRandom": -5.690649375058735
  },
  "tests/problems/kroA150.tsp": {
    "2Opt": -0.06514854471422109,
    "NN": -0.2842708490423767,
    "ExtNN": -0.15239028804101945,
    "2Opt-NN": -0.057381993666113705,
    "kRandom": -7.512713014628262
  },
  "tests/problems/kroA200.tsp": {
    "2Opt": -0.08979160991555435,
    "NN": -0.2161195859438845,
    "ExtNN": -0.1927948787796241,
    "2Opt-NN": -0.033744211386543176,
    "kRandom": -9.281980386815581
  },
  "tests/problems/kroB100.tsp": {
    "2Opt": -0.08929135992050946,
    "NN": -0.31592972313806966,
    "ExtNN": -0.16661397407524503,
    "2Opt-NN": -0.03125423422609638,
    "kRandom": -5.327740391129579
  },
  "tests/problems/kroB150.tsp": {
    "2Opt": -0.03371603520857252,
    "NN": -0.2539992345962495,
    "ExtNN": -0.20715652506697282,
    "2Opt-NN": -0.0681592039800995,
    "kRandom": -7.470845771144279
  },
  "tests/problems/kroB200.tsp": {
    "2Opt": -0.0810204844243639,
    "NN": -0.2402418724734178,
    "ExtNN": -0.18106464653327445,
    "2Opt-NN": -0.07796310765363318,
    "kRandom": -9.021371063627408
  },
  "tests/problems/kroC100.tsp": {
    "2Opt": -0.06559352257940142,
    "NN": -0.2666152585666779,
    "ExtNN": -0.13354860475203625,
    "2Opt-NN": -0.036339100679550825,
    "kRandom": -5.913774157790737
  },
  "tests/problems/kroD100.tsp": {
    "2Opt": -0.06541748849441158,
    "NN": -0.26354841739457124,
    "ExtNN": -0.16511693434770358,
    "2Opt-NN": -0.06738987508218278,
    "kRandom": -5.440072320841551
  },
  "tests/problems/kroE100.tsp": {
    "2Opt": -0.05677904658328802,
    "NN": -0.24247779590357077,
    "ExtNN": -0.12108029726300526,
    "2Opt-NN": -0.06285118723944172,
    "kRandom": -5.571905020844661
  },
  "tests/problems/lin105.tsp": {
    "2Opt": -0.06405174212393074,
    "NN": -0.4146324501008415,
    "ExtNN": -0.17629876903818067,
    "2Opt-NN": -0.011683705403713749,
    "kRandom": -1.5346686139509007
  },
  "tests/problems/lin318.tsp": {
    "2Opt": -0.09217445097432725,
    "NN": -0.28385162625805993,
    "ExtNN": -0.16916890718313546,
    "2Opt-NN": -0.09436341573675319,
    "kRandom": -1.8497228104404102
  },
  "tests/problems/linhp318.tsp": {
    "2Opt": -0.11024307655097351,
    "NN": -0.3050913048736244,
    "ExtNN": -0.18851130729229654,
    "2Opt-NN": -0.1124682549280445,
    "kRandom": -1.8968678195670576
  },
  "tests/problems/p654.tsp": {
    "2Opt": -0.027249372167537454,
    "NN": -0.2526628756170078,
    "ExtNN": -0.24010622636607684,
    "2Opt-NN": -0.03683283780273071,
    "kRandom": -2.108737695927027
  },
  "tests/problems/pa561.tsp": {
    "2Opt": -0.170104958378574,
    "NN": 0.07057546145494029,
    "ExtNN": 0.12884545783568585,
    "2Opt-NN": 0.170104958378574,
    "kRandom": -2.239956568946797
  },
  "tests/problems/pcb442.tsp": {
    "2Opt": -0.07792744889519083,
    "NN": -0.2195438969632518,
    "ExtNN": -0.1598723856788373,
    "2Opt-NN": -0.06790342274213242,
    "kRandom": -3.360136279491118
  },
  "tests/problems/pr107.tsp": {
    "2Opt": -0.0270636300024829,
    "NN": -0.053134099270929734,
    "ExtNN": -0.053134099270929734,
    "2Opt-NN": -0.006681263119879015,
    "kRandom": -0.4163149222400289
  },
  "tests/problems/pr124.tsp": {
    "2Opt": -0.027579197018465187,